CustomerId,Surname,CreditScore,Geography,Gender,Age,Tenure,Balance,NumOfProducts,HasCrCard,IsActiveMember,EstimatedSalary,Exited
10001,Sneddon,845,Germany,Male,54,0,65102,1,,0.0,82220,1
10002,Ch'ang,508,Germany,Female,79,0,194629,1,0.0,0.0,158131,0
10003,Dunbabin,738,Spain,Female,65,7,44484,1,0.0,1.0,20343,1
10004,Hinton,450,Spain,Male,90,8,135740,2,,1.0,57377,0
10005,Woronoff,577,Germany,Male,26,5,61684,2,1.0,1.0,195017,1
10006,Chukwuemeka,642,Spain,Female,71,3,5480,1,1.0,,27943,0
10007,Bazile,562,Spain,Female,83,3,118956,3,0.0,1.0,24650,0
10008,Barwell,750,Germany,Female,79,5,73428,3,,,184755,1
10009,Zhdanov,432,,Female,21,5,229464,4,0.0,0.0,92924,1
10010,Yeh,848,Germany,Female,46,1,90404,4,0.0,,163098,0
10011,Napolitano,414,,Female,78,6,134674,4,,0.0,31465,1
10012,Liebe,689,,Male,47,3,62520,2,,0.0,189855,1
10013,Bold,818,Spain,Male,50,0,196340,3,,1.0,11444,1
10014,Fiorentini,477,Germany,Male,52,1,23924,4,1.0,1.0,178994,0
10015,Prokhorova,769,,Female,73,4,130466,3,,1.0,162826,1
10016,Peel,356,Spain,Male,78,5,67204,4,,0.0,50034,1
10017,McLachlan,809,,Male,54,3,100782,1,0.0,,185430,1
10018,Quezada,579,,Female,54,8,240380,3,,0.0,121343,1
10019,Doyne,684,Spain,Male,74,5,21680,4,,1.0,74466,1
10020,Terry,660,France,Female,69,8,218150,1,0.0,,177718,0
10021,Ochoa,774,,Female,27,3,40516,2,1.0,,137005,1
10022,Santana,639,Germany,Male,91,8,67227,2,,,36444,1
10023,Forster,793,Germany,Female,85,7,42566,1,,,169347,0
10024,Valdez,742,,Male,43,10,153714,1,0.0,,177796,1
10025,Keen,530,,Female,60,6,209797,1,,0.0,77275,1
10026,Kirwan,426,Spain,Female,58,9,169850,1,1.0,0.0,78274,0
10027,Dwyer,558,Spain,Male,88,8,48986,4,1.0,1.0,124643,1
10028,Yevseyev,798,,Male,61,10,123765,4,0.0,,153888,0
10029,Coles,429,Germany,Male,87,9,185663,1,1.0,0.0,71945,0
10030,Mitchel,405,Spain,Female,39,7,214537,2,0.0,,21067,0
10031,Nelson,510,Spain,Female,47,5,88030,3,0.0,,132707,1
10032,Chester,362,France,Female,71,6,32333,4,0.0,1.0,36843,1
10033,Blinova,698,Spain,Female,56,7,132022,2,,0.0,69123,0
10034,Davies,552,Spain,Female,82,6,19759,3,0.0,1.0,147745,1
10035,Stoneman,397,Germany,Female,47,4,176572,1,0.0,1.0,156077,1
10036,Greene,556,,Male,83,8,61048,1,1.0,1.0,29504,0
10037,Bradley,365,Germany,Male,53,8,98895,4,0.0,,169787,0
10038,North,518,Germany,Female,23,8,164896,3,1.0,1.0,107375,0
10039,Vidler,831,France,Female,63,1,71180,2,0.0,0.0,63034,1
10040,Stevens,609,Spain,Female,69,6,110856,1,1.0,0.0,91790,1
10041,Esposito,797,,Male,87,9,169035,3,,0.0,5401,0
10042,Obiajulu,594,Spain,Female,91,6,19019,4,0.0,1.0,5804,1
10043,Reichard,811,,Female,39,2,97116,1,0.0,1.0,155827,0
10044,Zhou,484,Spain,Male,85,6,184722,2,,1.0,42920,1
10045,Osborne,459,France,Female,38,9,82852,4,0.0,0.0,166719,0
10046,Boan,708,Germany,Male,75,1,94420,1,,,111855,0
10047,Lawley,613,Germany,Female,25,3,89533,1,0.0,1.0,164669,0
10048,Gomes,368,,Female,86,4,95961,2,0.0,0.0,135296,0
10049,Rouse,755,France,Male,73,9,83652,2,0.0,,185072,1
10050,Tretiakov,431,France,Female,41,3,38388,1,,0.0,73454,1
10051,Medland,692,Germany,Female,47,10,85028,3,0.0,,100686,1
10052,Monnier,654,,Female,51,7,146379,1,,0.0,39526,0
10053,O'Toole,619,,Female,42,10,199668,1,1.0,,179076,0
10054,Black,730,Spain,Male,50,4,150769,4,1.0,,139097,0
10055,Griffin,369,Germany,Male,83,8,99017,4,1.0,1.0,133262,0
10056,Forster,801,Spain,Male,38,6,4460,4,1.0,1.0,79367,0
10057,McEncroe,671,France,Female,83,4,208914,2,1.0,,184451,1
10058,Shaw,418,Germany,Female,25,5,207709,2,,1.0,199741,0
10059,Chijioke,794,Spain,Female,44,10,53141,4,,,69020,0
10060,Komarova,436,Germany,Female,49,10,88386,2,1.0,0.0,130112,1
10061,Egobudike,837,Spain,Female,37,1,88561,2,0.0,0.0,175743,1
10062,Babbage,397,France,Male,26,8,218076,2,,0.0,150175,1
10063,Fishbourne,737,,Female,69,6,241429,3,,,177935,0
10064,Herring,543,,Female,89,4,24927,3,,,20179,0
10065,Ekwueme,665,Spain,Female,60,4,63834,2,0.0,,36376,0
10066,Denisov,774,,Male,89,6,109166,1,,1.0,121748,1
10067,Pollard,350,Germany,Female,65,6,244611,2,0.0,1.0,139738,0
10068,Santiago,427,France,Male,88,6,238634,1,1.0,,120165,0
10069,Downie,789,,Female,41,5,134601,3,1.0,1.0,186701,0
10070,Moyes,411,Germany,Male,89,4,100226,1,0.0,1.0,137676,1
10071,Robertson,674,France,Male,75,6,112583,3,0.0,0.0,13745,0
10072,Wynne,729,France,Female,85,10,88423,4,,,51812,1
10073,Baldwin,593,,Female,31,8,177232,3,0.0,0.0,186306,1
10074,T'ao,575,Spain,Female,25,10,89248,2,1.0,,104403,1
10075,Bazarova,356,Germany,Male,33,9,5593,4,,1.0,67487,0
10076,Crowther,719,,Female,30,7,218614,3,,0.0,126290,1
10077,Miranda,849,France,Male,39,3,83804,3,0.0,0.0,65902,0
10078,Mansom,849,Germany,Male,90,5,94604,1,1.0,1.0,127665,1
10079,Gallagher,685,Spain,Male,26,8,70186,2,0.0,1.0,60794,0
10080,Watts,689,France,Male,72,2,172309,4,,,99086,1
10081,Lei,474,Spain,Male,60,1,9650,2,0.0,1.0,180902,0
10082,Templeman,612,,Female,83,1,18597,2,,1.0,139297,1
10083,Kesteven,814,,Male,31,10,23448,2,0.0,0.0,182477,1
10084,Plant,503,Germany,Male,45,2,15821,3,,1.0,131411,0
10085,Olejuru,778,Spain,Male,66,2,171255,1,0.0,0.0,3004,1
10086,Atherton,793,Germany,Male,60,8,53274,1,,,193280,1
10087,Blue,681,Spain,Male,65,4,72135,4,0.0,0.0,62270,0
10088,Durant,819,Germany,Female,49,6,119616,2,0.0,,108013,0
10089,Corran,814,France,Female,65,7,192296,1,1.0,1.0,161912,0
10090,See,451,,Female,80,6,182860,1,0.0,,197679,0
10091,Ferrari,802,Germany,Female,63,7,35282,4,,,37419,1
10092,Duigan,771,Spain,Female,34,5,79823,3,1.0,,8405,0
10093,Howarde,792,Spain,Male,36,5,92038,2,1.0,0.0,185349,0
10094,Singh,533,France,Male,23,5,181578,4,0.0,1.0,21834,1
10095,Rishel,394,Spain,Male,59,2,35737,1,0.0,1.0,69824,0
10096,Gunter,420,France,Female,73,10,240648,4,0.0,1.0,195362,0
10097,McWilliam,755,,Female,36,7,142270,2,1.0,,81543,1
10098,Alexeieva,617,Spain,Male,64,6,70596,4,1.0,1.0,171746,1
10099,Corson,651,France,Male,35,3,58121,2,1.0,0.0,138215,1
10100,Pokrovsky,800,Spain,Female,56,5,159437,2,,,48039,0
10101,Yevdokimova,710,Germany,Male,92,2,62656,3,,,118866,0
10102,Wilsmore,760,Spain,Female,78,3,97792,2,0.0,0.0,115688,1
10103,To Rot,350,Spain,Female,55,6,189557,2,0.0,,87574,0
10104,Fernando,674,,Female,57,8,121154,2,1.0,0.0,5880,0
10105,Fitzgerald,495,Germany,Female,37,4,61583,2,1.0,1.0,194353,0
10106,Power,399,France,Female,54,4,2969,2,,,168897,1
10107,Fokine,726,France,Female,45,7,112014,1,0.0,,198197,0
10108,Dunn,492,France,Male,78,8,25680,4,0.0,0.0,53608,1
10109,Macgroarty,570,Spain,Male,57,10,176970,4,0.0,,112020,1
10110,Ferreira,609,,Female,55,2,155616,2,,,192680,0
10111,Tung,834,France,Female,56,6,188379,2,,0.0,175209,0
10112,Onwumelu,432,,Male,65,5,75962,1,,1.0,111114,1
10113,Gray,736,France,Female,52,6,135096,3,1.0,1.0,83619,0
10114,Allardyce,638,France,Female,51,3,41572,4,0.0,0.0,6144,0
10115,Ejimofor,625,Germany,Female,46,0,43544,4,0.0,0.0,87395,1
10116,Muramats,597,,Female,56,7,73832,1,1.0,0.0,7311,1
10117,Clunie,465,Spain,Female,36,5,181431,1,,,149934,1
10118,Sargood,491,France,Male,44,3,223513,4,,,32358,0
10119,Ozerova,485,Germany,Female,75,1,51714,1,,,104074,1
10120,Combs,677,Germany,Male,24,2,88056,3,,,165527,1
10121,Krichauff,778,,Male,62,1,116286,4,1.0,,6004,1
10122,Cobb,439,,Female,19,9,236543,2,,0.0,696,0
10123,De Mestre,478,France,Male,35,7,233843,1,0.0,0.0,60919,0
10124,Parrott,409,,Male,84,4,179777,1,0.0,0.0,36344,1
10125,Burrows,363,France,Female,79,2,206424,4,,1.0,106024,1
10126,Algeranoff,386,Germany,Female,81,8,213667,2,1.0,1.0,182415,0
10127,Kendall,755,,Male,78,3,6140,4,,1.0,96225,0
10128,Lo,401,Spain,Male,65,9,237088,1,0.0,0.0,83919,0
10129,Onyemaechi,817,,Male,34,8,16043,1,,,127062,1
10130,O'Toole,757,Spain,Female,37,8,38380,2,,1.0,129481,1
10131,Ross-Watt,417,France,Male,57,3,98226,2,0.0,0.0,17387,1
10132,Takasuka,479,,Male,66,0,39707,3,0.0,,186831,1
10133,Matthias,837,Germany,Male,73,6,20347,4,,1.0,147402,1
10134,Kosisochukwu,442,Germany,Female,51,3,99734,3,,0.0,169934,0
10135,Chuter,509,France,Female,60,1,203624,2,0.0,1.0,29806,0
10136,Pedder,499,,Male,52,6,83826,1,,0.0,21651,1
10137,Pearce,560,,Male,38,3,123152,2,,,701,0
10138,Azarov,809,Spain,Female,26,8,187272,4,1.0,0.0,133864,1
10139,Belstead,377,France,Male,72,1,151804,3,1.0,1.0,71667,0
10140,Durant,521,Spain,Female,39,9,83787,3,0.0,1.0,53054,1
10141,Mitchell,466,Germany,Female,55,9,37677,1,,,74310,1
10142,Sanders,449,,Male,45,4,87345,3,,,179591,1
10143,Verco,442,France,Female,86,5,237373,4,,0.0,178738,0
10144,Pettry,796,France,Male,70,2,46482,1,0.0,0.0,105956,0
10145,O'Donnell,498,Germany,Male,70,5,250651,3,0.0,,196778,0
10146,Loane,541,Germany,Female,86,7,191500,4,,,105531,1
10147,Voronova,673,,Female,41,10,30614,3,0.0,,189445,1
10148,Philipp,589,France,Female,70,1,131538,2,1.0,1.0,36108,1
10149,Aitken,503,Germany,Male,69,4,159229,3,,0.0,80912,0
10150,Han,661,Germany,Male,73,2,54454,3,0.0,1.0,45810,1
10151,Woodward,818,France,Male,39,6,72746,4,,0.0,25245,1
10152,Nnaemeka,632,,Male,75,1,66555,4,,1.0,178786,0
10153,Begg,502,Germany,Male,24,7,151437,3,1.0,0.0,182485,1
10154,Reid,594,France,Female,41,2,153208,1,0.0,,146583,1
10155,Seleznyova,833,Germany,Female,53,6,209320,2,1.0,0.0,49610,0
10156,Curnow,482,Germany,Male,83,1,130746,3,0.0,0.0,147580,1
10157,West,718,Germany,Female,82,1,17625,1,,,175668,0
10158,Kesteven,747,France,Female,50,10,200893,3,1.0,,26516,1
10159,De Bernales,539,Germany,Female,88,10,14309,2,,0.0,32566,0
10160,Bock,361,Spain,Female,35,9,175036,3,0.0,1.0,134914,0
10161,Griffen,762,Germany,Female,84,5,36777,4,,0.0,97239,1
10162,Allingham,649,,Female,22,4,148695,4,1.0,1.0,34177,0
10163,Ross,438,Germany,Female,83,6,244567,4,,,148126,1
10164,Reyna,395,Germany,Male,80,10,94930,3,0.0,,520,0
10165,Bidwill,825,,Male,75,3,123534,3,0.0,,180546,0
10166,Kaur,356,Spain,Female,50,10,112591,4,1.0,,117044,1
10167,Trevascus,401,France,Female,41,10,41526,3,,1.0,25242,0
10168,Medland,710,,Female,89,4,234047,1,0.0,,14498,1
10169,Ringrose,537,Spain,Female,61,0,239200,3,1.0,1.0,27560,1
10170,Hussey,591,Germany,Male,63,1,112926,1,1.0,,199315,1
10171,Solomina,636,Spain,Male,50,7,182460,3,,,167169,0
10172,Garnsey,803,Germany,Male,56,0,163274,4,,1.0,108025,1
10173,Groom,848,Germany,Female,68,10,159923,1,1.0,,43469,0
10174,Parks,356,,Male,59,9,16069,4,0.0,,13064,1
10175,Phelan,797,Germany,Female,88,4,124218,4,,1.0,181800,1
10176,Stewart,420,Spain,Female,85,0,153550,3,,1.0,54225,0
10177,McCawley,696,Spain,Female,42,3,207156,4,1.0,,47878,0
10178,Vigano,777,,Male,20,10,239514,1,1.0,,34264,1
10179,Kirkland,749,Spain,Female,78,3,145812,3,0.0,,18798,0
10180,Iroawuchi,787,Spain,Male,82,4,12370,1,0.0,0.0,151483,0
10181,Batt,658,Germany,Female,62,5,87825,3,,0.0,120935,1
10182,Vial,364,Germany,Male,52,5,212456,2,,,72330,0
10183,Thorpe,430,,Female,92,10,199860,3,0.0,1.0,15733,1
10184,Munz,528,Spain,Female,61,2,193164,2,1.0,0.0,75335,1
10185,McCall,541,,Female,48,9,5376,2,,,126581,1
10186,Estes,509,,Male,66,4,100800,4,1.0,0.0,175070,1
10187,Shubin,513,Germany,Female,43,2,70840,4,0.0,,197150,0
10188,Fabro,805,France,Female,92,0,110383,1,,,174314,0
10189,Rapuluchukwu,800,,Female,41,6,239660,4,1.0,1.0,124926,0
10190,Narelle,381,France,Male,69,10,79899,2,,0.0,70244,1
10191,Barling,403,,Female,19,8,60567,2,1.0,0.0,89940,0
10192,Abdullah,438,Germany,Male,83,5,205066,1,1.0,,133129,0
10193,Bluett,569,France,Female,30,5,141654,3,1.0,1.0,196124,1
10194,Stanley,582,Germany,Female,21,10,9297,1,,0.0,41498,0
10195,Nagy,486,France,Male,28,6,217293,4,1.0,,75366,0
10196,Phillipps,503,Spain,Female,26,2,114521,1,0.0,1.0,83345,1
10197,Wearing,516,Germany,Male,23,10,156605,4,0.0,0.0,185885,0
10198,Rearick,802,Spain,Male,78,2,149786,4,,0.0,78110,1
10199,Takasuka,366,Germany,Female,38,4,21749,2,1.0,0.0,84465,0
10200,Willmore,369,France,Female,35,8,13921,3,,1.0,25896,0
10201,Tang,848,Germany,Female,52,1,157117,2,0.0,1.0,88388,0
10202,Tucker,401,,Male,76,8,85125,2,,,82816,0
10203,Barnett,663,Germany,Male,66,0,194046,1,1.0,,67773,0
10204,Tikhonov,670,Spain,Male,53,0,215665,4,1.0,,116211,1
10205,Eluemuno,380,,Female,59,1,125906,3,,0.0,150638,0
10206,Iheanacho,724,Germany,Female,86,8,146952,3,,0.0,4348,1
10207,Patterson,359,Spain,Female,61,0,160607,2,,1.0,149179,0
10208,Alderete,524,France,Female,37,8,67380,4,,,72365,1
10209,Kazantseva,613,Spain,Female,18,3,19999,4,1.0,0.0,143717,1
10210,Ch'ang,806,,Female,59,2,28444,4,,1.0,25441,1
10211,Goold,842,Spain,Female,32,6,14917,2,0.0,,157462,1
10212,Larionova,593,Germany,Male,48,8,24802,3,0.0,,175552,1
10213,Mbadiwe,728,,Female,35,0,11941,4,0.0,,48237,1
10214,Parrott,826,Spain,Male,66,0,193569,4,0.0,0.0,79901,1
10215,Synnot,704,Germany,Male,80,5,109530,3,,0.0,86902,0
10216,Chan,667,,Female,58,1,2329,4,0.0,,135098,1
10217,Wallace,796,France,Male,61,10,59069,1,0.0,,180104,1
10218,Lloyd,812,Spain,Male,88,9,161172,2,0.0,0.0,198314,0
10219,Lei,576,Spain,Female,48,4,53061,1,,,53963,0
10220,Chinwendu,580,Germany,Female,33,10,153464,3,0.0,1.0,69819,0
10221,Cecil,665,France,Male,49,10,180907,3,,0.0,55248,0
10222,Sergeyeva,678,Germany,Female,42,8,6889,3,0.0,0.0,58058,0
10223,Hs?,545,Spain,Male,40,8,150099,3,,1.0,186528,1
10224,Messersmith,529,Spain,Female,67,3,221520,3,,1.0,128770,1
10225,Gallop,513,France,Male,50,8,131727,2,1.0,1.0,158400,0
10226,Lambie,485,France,Female,73,2,217235,3,1.0,0.0,181917,1
10227,Zhdanov,468,Germany,Female,38,9,205173,2,1.0,,11870,0
10228,Chukwualuka,606,Germany,Female,44,8,94641,4,,1.0,104943,1
10229,Sumrall,836,Spain,Female,24,2,12080,3,0.0,1.0,191119,0
10230,Carruthers,687,,Male,35,0,193851,3,0.0,,60833,0
10231,McVey,712,France,Female,38,5,222119,2,,0.0,13858,0
10232,Grigoryeva,525,Germany,Female,34,7,228420,3,0.0,,8294,0
10233,Small,744,Spain,Female,67,7,183776,4,1.0,,25436,0
10234,Jennings,403,Spain,Female,20,2,37171,3,,,190480,1
10235,Dobson,359,Germany,Female,18,8,187625,2,1.0,0.0,135094,1
10236,Kirk,796,Germany,Female,33,2,146137,1,,1.0,160174,0
10237,Cartagena,524,France,Male,49,6,2037,2,,,6894,1
10238,Hobson,687,,Female,51,8,195887,3,,1.0,172977,0
10239,Hysell,390,Spain,Female,69,6,210807,4,1.0,0.0,49069,0
10240,Gaffney,646,Spain,Female,53,8,191578,3,1.0,,39286,1
10241,Palazzi,746,,Male,26,7,249163,2,1.0,,96124,1
10242,Claypool,442,Spain,Male,84,1,3596,3,0.0,,180483,0
10243,Zack,387,Spain,Male,82,7,121080,1,0.0,0.0,31048,0
10244,Onwughara,437,Spain,Male,59,9,150476,3,,0.0,186957,1
10245,Kozlova,424,,Female,38,3,180566,4,,,21743,1
10246,Yobanna,496,France,Female,48,6,10724,1,1.0,0.0,199904,1
10247,Buda,679,France,Male,46,0,39543,2,0.0,0.0,39838,1
10248,Banks,382,Spain,Male,35,1,2663,3,,1.0,6481,0
10249,Odinakachukwu,816,Spain,Female,73,4,76380,2,0.0,1.0,43669,1
10250,Chinwendu,466,France,Female,83,9,233639,2,,,24331,1
10251,Howey,500,France,Male,63,1,184967,4,1.0,1.0,102740,1
10252,Szabados,588,Germany,Female,26,5,99977,3,1.0,,53438,1
10253,O'Toole,373,Germany,Male,76,1,70294,2,0.0,,53920,0
10254,Jonathan,429,,Female,56,7,202301,3,,,185250,1
10255,Bogolyubov,552,France,Female,78,2,193741,2,,1.0,51104,1
10256,Eskridge,749,,Male,45,3,2699,3,,1.0,190771,1
10257,Chiabuotu,844,Spain,Female,90,2,14670,1,,,26050,0
10258,Clamp,408,Germany,Female,45,4,206366,4,,0.0,148238,1
10259,Ash,804,,Male,60,8,163201,4,0.0,,107600,1
10260,Zuev,732,France,Female,32,5,220225,3,1.0,0.0,24853,0
10261,Hull,675,Spain,Female,92,9,216295,4,0.0,0.0,194974,1
10262,McLachlan,505,France,Male,45,5,116902,3,,,185163,1
10263,Liu,475,Germany,Female,54,9,172719,2,1.0,1.0,144837,1
10264,Hernandez,684,,Female,64,7,245317,2,0.0,,8800,0
10265,Nekrasova,612,,Male,30,3,243662,2,,1.0,10707,0
10266,Tardent,818,,Female,90,0,112864,3,1.0,0.0,159987,1
10267,Kornilova,525,Germany,Female,92,9,152207,3,1.0,1.0,98028,1
10268,Lira,514,Spain,Female,47,5,120951,3,0.0,,178612,0
10269,Loginov,406,France,Male,71,0,200798,3,1.0,1.0,44200,1
10270,Ku,605,Germany,Female,26,9,93225,4,1.0,,124459,1
10271,Leonard,568,France,Male,37,3,39592,4,0.0,1.0,54833,0
10272,Bitter,670,France,Male,27,7,92260,4,1.0,1.0,150101,0
10273,Chinagorom,546,France,Male,82,2,143843,1,,0.0,83253,0
10274,Harrington,383,France,Male,27,3,146514,4,1.0,1.0,20953,1
10275,Pugh,762,France,Male,39,7,22834,2,1.0,1.0,28219,1
10276,Gough,607,Spain,Male,80,3,151664,4,,,104417,1
10277,Ershova,606,Germany,Male,72,0,40739,1,0.0,1.0,103845,0
10278,Garmon,535,France,Female,87,0,577,4,1.0,,90549,0
10279,Rutledge,773,Spain,Female,67,10,181320,2,1.0,0.0,150582,1
10280,Quaife,496,,Male,69,0,21859,4,,1.0,137106,0
10281,Isaacs,716,,Female,32,10,30015,1,,0.0,119610,1
10282,North,510,Germany,Male,22,6,206883,3,0.0,1.0,161321,1
10283,Ahern,828,France,Female,78,2,119701,2,1.0,0.0,163804,1
10284,Fallaci,496,Spain,Male,46,7,119433,3,0.0,,129487,0
10285,Gresswell,652,Spain,Female,53,0,29720,1,1.0,,189009,0
10286,Stephens,737,France,Male,24,3,194410,2,,0.0,116047,0
10287,Briggs,689,,Female,46,2,118421,3,1.0,0.0,163174,0
10288,Archambault,359,,Female,60,3,94150,4,0.0,0.0,131715,1
10289,K?,639,France,Female,89,6,43594,3,,1.0,63759,1
10290,McKinnon,485,Spain,Female,79,5,222805,1,0.0,1.0,88415,1
10291,Patel,466,Germany,Male,38,3,103958,4,1.0,,13847,1
10292,Rutherford,796,France,Male,72,2,151205,1,0.0,0.0,37416,1
10293,Cumbrae-Stewart,648,,Male,68,2,114547,3,1.0,0.0,43720,0
10294,Paterson,520,Germany,Male,31,7,94652,1,,0.0,169849,1
10295,Turnbull,632,Germany,Male,31,6,13305,3,,,178247,1
10296,Crump,697,,Male,73,0,229813,1,1.0,1.0,93815,1
10297,Charlton,705,France,Male,61,9,202465,3,1.0,0.0,176654,0
10298,Du Cane,809,Germany,Female,21,6,240119,2,1.0,1.0,58424,0
10299,Wallwork,732,Germany,Male,61,10,45769,4,0.0,,92827,1
10300,Solomon,539,Germany,Female,41,4,160439,4,1.0,0.0,150711,1
10301,Toth,499,,Female,67,6,218831,2,0.0,0.0,116431,0
10302,Chin,784,,Female,25,6,214284,4,1.0,0.0,190307,0
10303,Weatherford,367,Spain,Male,90,9,243861,4,1.0,0.0,32693,0
10304,Dillon,676,,Male,25,5,176639,3,0.0,1.0,155201,0
10305,Swayne,657,France,Male,44,0,148806,4,1.0,0.0,34167,1
10306,Bennet,825,,Male,40,5,143441,4,0.0,1.0,96957,1
10307,Timms,607,Germany,Female,69,9,243727,3,1.0,0.0,198779,1
10308,Glennon,707,,Male,59,0,243097,1,,0.0,86112,1
10309,Sozonov,623,Germany,Female,18,1,57448,4,0.0,,62076,0
10310,Ugonna,674,France,Female,72,1,15634,1,,1.0,4564,0
10311,Whiddon,758,France,Female,21,9,57965,1,,0.0,166285,1
10312,Elder,747,,Male,54,10,109293,3,1.0,0.0,85677,1
10313,McElhone,623,Germany,Female,40,0,75665,3,0.0,0.0,135789,0
10314,DeRose,794,,Male,35,2,111494,3,,,171854,0
10315,McGuigan,433,,Female,68,6,147163,2,0.0,0.0,149319,1
10316,Dancy,658,Germany,Female,76,0,176266,4,0.0,0.0,115451,1
10317,Lamble,416,France,Female,52,0,184610,1,0.0,0.0,35705,0
10318,Ross-Watt,694,France,Male,79,4,9937,3,0.0,0.0,165261,1
10319,Chan,381,Spain,Female,22,2,50753,4,,,111042,0
10320,Ibragimova,523,France,Female,68,6,140791,4,1.0,1.0,153415,0
10321,Lawless,621,Spain,Male,46,3,132935,1,1.0,1.0,178137,0
10322,Evans,645,,Male,75,2,126704,1,,0.0,188012,1
10323,Payne,713,France,Male,64,1,211830,3,0.0,1.0,46783,0
10324,Allard,655,Germany,Male,65,3,126460,4,,0.0,143585,1
10325,McNeill,383,Spain,Male,22,4,228822,2,0.0,,143506,0
10326,Bevan,390,Germany,Male,78,9,125169,3,1.0,,55082,1
10327,Hewitt,740,,Female,63,7,205936,3,1.0,1.0,67587,1
10328,Kharitonova,791,France,Female,24,10,172131,2,0.0,,18094,1
10329,Charlton,537,Spain,Male,55,4,77795,1,,0.0,173871,1
10330,Rapuluchukwu,674,France,Male,82,9,91469,1,1.0,,107553,1
10331,Buchi,780,Spain,Male,31,1,149906,4,0.0,1.0,192455,0
10332,Dawson,502,Spain,Male,76,4,84092,3,1.0,0.0,18451,0
10333,Duncan,359,Germany,Male,39,8,249195,4,1.0,1.0,23726,0
10334,Corrie,365,Germany,Male,57,7,15508,1,1.0,,170376,1
10335,Bligh,383,Germany,Male,22,7,70448,3,0.0,,146572,1
10336,Hayes,721,France,Male,65,1,73423,4,1.0,0.0,169793,0
10337,Fernie,364,Germany,Male,68,9,8767,3,,,116133,0
10338,Halpern,523,France,Female,73,6,187230,4,,0.0,83450,1
10339,Macartney,513,France,Male,25,4,194727,2,1.0,,149245,1
10340,Bazhenov,561,,Male,80,2,188966,3,0.0,,99756,0
10341,Boni,667,France,Female,83,5,130722,2,0.0,0.0,189512,0
10342,Wang,837,,Female,46,2,50810,4,0.0,1.0,26560,0
10343,Montalvo,474,,Female,61,5,147227,3,0.0,,151190,1
10344,Drake,446,France,Female,46,4,45519,4,1.0,,105086,1
10345,Takasuka,677,Spain,Female,69,6,168534,4,0.0,1.0,25216,1
10346,Tretiakov,560,France,Female,65,7,25239,1,,0.0,39325,0
10347,Uvarova,444,,Female,67,1,1210,1,1.0,1.0,177688,1
10348,Shih,473,,Female,77,9,91308,4,1.0,,42808,1
10349,Izmailova,763,France,Male,76,9,43568,4,0.0,0.0,83452,1
10350,Frye,507,Germany,Female,21,5,157446,4,0.0,,114385,1
10351,Maccallum,392,France,Female,53,2,10910,2,1.0,0.0,146522,0
10352,Nnachetam,537,,Female,33,3,131585,1,0.0,1.0,22305,1
10353,Helena,432,Spain,Female,77,2,63539,2,1.0,0.0,120657,0
10354,Pisani,443,Spain,Female,26,5,140511,1,0.0,0.0,90140,1
10355,Lettiere,456,,Male,29,2,228512,3,0.0,,115769,0
10356,Dubinina,673,France,Female,49,3,64283,1,1.0,0.0,58155,0
10357,Richards,687,Germany,Female,73,0,167401,3,,,89282,1
10358,Heap,582,Spain,Male,41,2,248218,4,1.0,0.0,185142,1
10359,Earl,616,Spain,Male,27,3,77835,1,,0.0,128628,1
10360,Harrison,511,Spain,Female,57,9,246129,3,0.0,1.0,131141,0
10361,Parkhill,673,,Female,75,4,234563,4,0.0,0.0,48678,1
10362,Howell,553,France,Male,81,10,98578,2,,,157776,0
10363,Ellis,834,France,Female,20,3,185990,1,0.0,0.0,54796,1
10364,Fedorova,685,Spain,Male,31,3,113814,1,,0.0,189463,1
10365,Upchurch,442,,Male,82,9,33079,3,1.0,,20185,0
10366,Ebelechukwu,753,Germany,Female,90,10,231339,1,1.0,0.0,40283,1
10367,McKenzie,520,France,Male,56,4,65350,2,1.0,1.0,163438,0
10368,Cunningham,619,,Male,27,7,7512,1,,,120313,1
10369,Persse,659,Spain,Female,35,10,60796,4,1.0,,126995,0
10370,O'Toole,561,France,Female,73,8,8010,1,,,57652,1
10371,Santana,476,,Female,23,0,103162,3,,,112416,0
10372,Maslow,687,Spain,Female,50,5,228087,2,0.0,0.0,38426,0
10373,Cockrum,354,France,Male,34,9,234329,3,1.0,1.0,196698,1
10374,Chikwendu,496,France,Male,36,10,167748,1,0.0,,79038,0
10375,Cumbrae-Stewart,844,Spain,Female,80,3,106275,1,,,7676,0
10376,Hicks,550,,Male,88,3,15921,4,0.0,1.0,30214,0
10377,Knipe,606,,Male,36,0,172440,1,0.0,1.0,72529,1
10378,Carroll,473,France,Female,62,2,145376,2,,0.0,161892,1
10379,Knupp,562,Spain,Male,89,10,98972,4,,0.0,144910,1
10380,Whiddon,389,Germany,Female,45,8,122709,4,0.0,0.0,59553,0
10381,Chinwendu,600,,Male,31,3,195350,3,0.0,0.0,99599,1
10382,Nielson,389,Germany,Male,28,2,15892,3,,0.0,181365,0
10383,Garrett,812,Germany,Female,88,2,239438,1,,,29797,1
10384,Burgmann,748,,Female,75,5,44489,3,0.0,1.0,195156,0
10385,McDaniels,586,Germany,Female,27,3,187178,2,1.0,1.0,70487,1
10386,Meng,825,France,Female,22,3,216124,1,1.0,,132647,0
10387,McDaniels,772,France,Male,52,2,184886,2,1.0,1.0,196575,1
10388,Toth,712,Germany,Male,71,3,79764,3,,1.0,41890,1
10389,Nnaemeka,427,,Female,26,0,8238,1,0.0,1.0,183293,0
10390,Jowers,714,Germany,Male,92,8,112354,4,,0.0,181956,1
10391,Phillipps,360,France,Female,20,6,73212,3,,1.0,149252,0
10392,Bovee,398,Spain,Male,76,1,6306,1,0.0,1.0,162225,0
10393,Williams,541,France,Male,51,1,50878,3,,,147296,0
10394,Mullan,755,Spain,Male,28,5,195700,3,0.0,,160177,0
10395,Shubin,695,France,Male,73,6,98094,3,,,116340,1
10396,Talbot,404,Germany,Male,88,5,51510,3,,1.0,185507,0
10397,Zuev,815,Germany,Female,54,7,181118,2,0.0,,2514,0
10398,Worsnop,408,,Female,67,0,193118,4,1.0,1.0,178325,1
10399,Chifo,456,,Male,89,8,98138,1,0.0,,179901,0
10400,Chukwuraenye,541,France,Male,19,1,8704,1,,,13877,0
10401,Gebhart,576,France,Female,82,5,179488,1,0.0,0.0,15793,1
10402,Challis,669,,Female,78,3,103180,1,1.0,,11607,1
10403,Cruz,539,France,Male,45,10,132014,3,1.0,0.0,166741,0
10404,Udobata,758,Spain,Male,87,8,127148,2,0.0,0.0,23064,0
10405,Armstrong,624,France,Male,37,9,152267,1,,0.0,198168,0
10406,Ankudinova,352,,Female,87,8,2295,4,0.0,1.0,103625,0
10407,McIver,690,Germany,Female,54,8,1960,3,,1.0,26108,1
10408,Brookman,614,Germany,Male,61,1,152993,2,,1.0,165306,0
10409,Shepherdson,472,France,Male,48,9,48614,2,,,94519,1
10410,Hopwood,481,,Male,48,5,165652,2,,0.0,30976,1
10411,Kesteven,658,,Female,69,9,11912,1,,0.0,61683,1
10412,Afamefuna,787,,Female,23,7,136361,3,,0.0,195424,1
10413,Ignatieff,388,Germany,Female,45,3,168106,3,,1.0,173121,0
10414,Fedorova,700,Spain,Female,68,0,34816,2,1.0,0.0,97059,1
10415,Ku,677,Germany,Male,91,10,141589,2,0.0,1.0,180644,1
10416,Saunders,640,Germany,Female,84,2,163330,3,,,189645,1
10417,Toscani,786,Germany,Female,43,6,72076,2,0.0,,77600,1
10418,Joslin,494,Spain,Female,52,3,139260,4,0.0,0.0,104850,0
10419,Vance,817,France,Female,49,5,40924,3,0.0,,168231,1
10420,Yang,837,Germany,Male,58,2,129601,4,0.0,0.0,50539,0
10421,Louis,458,Spain,Female,56,9,8822,4,0.0,1.0,88718,0
10422,Alleyne,737,France,Female,63,6,58250,2,1.0,1.0,148484,1
10423,Paten,719,Spain,Female,55,7,14787,4,0.0,1.0,46301,0
10424,Yip,506,,Female,35,4,199138,1,0.0,0.0,44283,1
10425,Phillipps,577,Germany,Female,44,0,153070,1,1.0,1.0,84216,0
10426,Spitzer,580,France,Male,87,9,52334,4,1.0,1.0,173506,0
10427,Lazarev,363,,Female,86,2,121412,4,,0.0,198236,0
10428,Galkin,722,,Female,29,7,192294,2,0.0,,82108,1
10429,Royston,370,Spain,Male,71,5,219897,3,,1.0,18238,0
10430,Gunson,514,France,Male,88,6,24592,3,1.0,0.0,6309,0
10431,Alvarez,528,France,Male,19,2,62390,3,,0.0,192955,0
10432,Manna,720,Germany,Male,73,3,185607,3,0.0,0.0,111333,0
10433,Hare,405,Spain,Female,62,9,21435,2,0.0,0.0,128169,1
10434,Champion,763,,Female,51,0,190154,1,1.0,,95164,0
10435,Sorenson,666,France,Female,28,2,142585,2,1.0,1.0,164611,1
10436,Cross,614,Germany,Male,88,10,132048,3,0.0,,58936,0
10437,Torode,719,,Female,35,4,103775,3,0.0,,68714,1
10438,Reed,822,France,Male,21,5,13558,4,1.0,1.0,128491,0
10439,Whitfield,580,Germany,Female,64,2,146892,1,,1.0,173474,1
10440,Glazkov,389,,Male,79,2,97665,3,0.0,,185825,0
10441,Ewers,425,France,Female,49,6,150383,1,0.0,0.0,142887,1
10442,Murphy,511,,Male,85,2,151658,4,1.0,,111983,1
10443,Blinova,509,,Female,47,8,130974,4,,0.0,71313,1
10444,Chukwufumnanya,550,France,Female,78,8,125518,3,1.0,0.0,159265,1
10445,Lazareva,416,Germany,Male,42,9,247970,2,1.0,,2284,0
10446,Morant,414,Germany,Female,89,8,111432,4,0.0,,170183,0
10447,Martin,417,,Female,73,3,18248,1,1.0,1.0,179740,0
10448,Humffray,759,France,Male,59,9,153594,1,0.0,,167514,1
10449,Rearick,366,France,Male,33,3,112169,2,,,88923,1
10450,Toth,460,,Male,69,8,6552,1,1.0,,696,0
10451,Le Hunte,749,,Male,78,3,185445,1,1.0,0.0,101849,0
10452,Trouette,483,Germany,Female,91,6,235679,1,1.0,0.0,41199,1
10453,Outhwaite,491,Germany,Female,55,2,111590,3,0.0,0.0,19938,0
10454,Cody,354,Germany,Male,76,5,106937,4,,1.0,149596,0
10455,Cattaneo,536,Germany,Female,91,8,5627,4,0.0,1.0,86559,0
10456,Eddy,781,Germany,Female,59,4,91610,4,0.0,,180892,0
10457,Hale,511,,Female,20,7,59088,3,0.0,,70598,1
10458,Chidumaga,792,Spain,Female,29,6,93991,1,0.0,,52893,0
10459,Watson,643,,Female,78,3,95968,4,,1.0,99873,0
10460,Lascelles,509,Spain,Female,88,0,183400,1,1.0,,135577,1
10461,Sunderland,423,,Female,68,4,167332,2,,0.0,44933,1
10462,Chukwuebuka,683,Spain,Male,49,1,50116,4,,,104972,1
10463,Ifesinachi,546,Spain,Male,33,7,83941,1,,1.0,190654,0
10464,Peng,704,France,Female,26,7,32024,4,1.0,,27911,1
10465,Burgos,634,Germany,Male,71,5,172303,3,1.0,0.0,151870,1
10466,Downie,799,Spain,Male,63,4,140240,4,0.0,,13533,1
10467,Ozuluonye,411,France,Male,33,1,196934,3,,,146835,1
10468,Pendergrass,564,,Male,53,6,197344,2,0.0,0.0,24713,0
10469,Yocum,611,,Female,27,0,106470,4,1.0,0.0,92133,0
10470,Rowley,812,France,Male,60,6,103540,3,,0.0,145391,1
10471,Napolitani,753,Germany,Male,43,1,172747,4,,1.0,19784,0
10472,Major,457,,Female,85,1,78559,3,0.0,,107017,0
10473,Langler,583,Spain,Male,39,0,48331,4,,0.0,126420,1
10474,Norriss,633,Spain,Male,62,10,13187,4,0.0,1.0,128838,1
10475,Reppert,595,France,Male,29,8,72890,1,1.0,1.0,105843,1
10476,Dumolo,780,France,Male,52,9,130779,3,0.0,,125890,1
10477,Fullwood,542,France,Female,31,7,92650,3,0.0,0.0,8627,1
10478,Naylor,779,Spain,Female,90,6,69062,4,1.0,1.0,75497,1
10479,Matveyev,831,Germany,Male,92,4,17310,4,,0.0,57431,1
10480,Gotch,554,France,Female,35,7,80291,1,0.0,1.0,150261,1
10481,Howarth,445,,Female,48,6,130078,1,1.0,1.0,188487,0
10482,Somayina,655,France,Male,44,3,156629,4,0.0,1.0,181717,0
10483,Begley,720,France,Male,53,8,175679,3,,0.0,195402,1
10484,Wakelin,653,Spain,Male,40,3,199116,4,1.0,0.0,115009,0
10485,Rendall,698,,Female,90,0,87039,3,0.0,,36951,1
10486,Lockyer,667,France,Female,41,10,100712,3,0.0,,77939,1
10487,Begum,360,Germany,Male,67,1,41889,3,0.0,,53669,1
10488,Meany,464,Germany,Female,24,9,160345,2,1.0,,61199,1
10489,Winter,712,Spain,Female,46,7,243437,1,0.0,1.0,118650,0
10490,Chukwuma,360,Spain,Male,48,9,29533,3,,1.0,96949,1
10491,Higgins,480,Spain,Male,45,9,39059,1,1.0,,87336,0
10492,Lim,733,Germany,Male,85,10,178131,4,,,185682,0
10493,Nebechi,464,Spain,Female,31,10,77219,3,,,178303,0
10494,Curtis,743,,Female,33,1,230333,2,1.0,0.0,115887,0
10495,Prokhorova,401,,Male,21,10,39440,1,0.0,0.0,172955,1
10496,Kaodilinakachukwu,583,France,Female,52,2,104064,3,0.0,1.0,18413,0
10497,Tisdall,447,France,Female,33,6,194695,1,,0.0,52252,0
10498,Carr,793,Spain,Male,57,3,110378,3,0.0,0.0,167689,0
10499,O'Toole,585,Germany,Female,84,9,199570,4,1.0,0.0,79385,1
10500,Butusov,598,Germany,Male,37,9,35703,4,0.0,,120499,0
10501,Brient,703,Germany,Female,49,7,226556,4,,,148662,0
10502,Reyna,502,,Female,90,2,60703,1,0.0,,133128,1
10503,Brenan,564,France,Female,70,7,244531,4,0.0,,182006,1
10504,Gill,405,Spain,Female,79,8,212797,1,,0.0,69978,0
10505,Akobundu,360,Germany,Male,42,3,242756,2,1.0,,67182,1
10506,Blesing,696,Spain,Female,52,9,124893,3,1.0,1.0,22330,0
10507,Moore,685,,Female,69,1,168203,1,,1.0,133250,0
10508,O'Callaghan,581,Germany,Female,77,4,108087,4,,0.0,61895,1
10509,Hannam,579,Germany,Male,73,6,153596,4,,,101775,0
10510,Baranov,378,,Male,26,0,156350,1,,,160314,0
10511,Ferri,834,France,Female,31,10,186973,4,1.0,,53364,0
10512,Briggs,463,,Male,65,0,21185,3,0.0,,182075,0
10513,Burton,781,Germany,Female,74,2,116980,4,1.0,1.0,160742,0
10514,Yelverton,844,,Female,42,9,70066,4,,1.0,131568,1
10515,Zaitsev,793,,Female,88,2,195823,1,,0.0,108096,0
10516,Burgin,465,Germany,Male,22,9,51322,2,,,186301,0
10517,Molle,794,Spain,Female,37,8,46598,1,0.0,,168306,1
10518,Howells,752,,Female,39,8,21348,3,,,90175,1
10519,Ratten,625,,Female,21,9,7718,1,1.0,1.0,54752,1
10520,Yip,510,Germany,Male,28,7,57139,1,,1.0,129277,1
10521,Tilley,352,,Male,82,9,173273,3,0.0,1.0,125569,1
10522,Whitelegge,600,Germany,Female,85,0,68686,4,1.0,,51755,1
10523,Dalrymple,729,,Male,70,9,50829,1,0.0,0.0,162922,0
10524,Sargent,464,Spain,Female,32,1,17195,4,0.0,,117825,0
10525,Sumrall,380,Spain,Female,51,9,206253,3,,0.0,52868,1
10526,Mackay,520,Spain,Female,68,5,233981,4,1.0,,185303,0
10527,Olson,464,Spain,Female,57,1,89023,3,0.0,,147575,0
10528,Buckley,427,France,Female,92,6,245309,3,,0.0,13724,0
10529,Milne,447,Spain,Male,79,7,43084,1,0.0,0.0,63425,0
10530,Eiland,651,Germany,Male,83,2,80972,4,0.0,0.0,195511,0
10531,Lappin,529,Germany,Male,83,8,184744,4,0.0,,54741,0
10532,Seabrook,789,Spain,Female,86,6,128873,2,1.0,0.0,126129,1
10533,Ferdinand,657,Germany,Female,49,6,219793,4,,,82822,0
10534,Sagese,745,Spain,Female,77,7,194925,1,0.0,1.0,78283,0
10535,Bailey,553,,Female,52,2,145170,4,1.0,0.0,152934,1
10536,Mario,799,France,Female,53,5,54488,1,0.0,,180153,0
10537,Muldrow,739,Germany,Female,24,9,191476,1,,1.0,147761,0
10538,Harding,728,,Male,42,5,101308,3,1.0,0.0,23504,1
10539,Lira,658,Spain,Male,82,5,98968,2,0.0,,157024,1
10540,Packham,415,Spain,Male,49,9,225888,1,0.0,1.0,93283,0
10541,Leworthy,405,Spain,Female,72,6,244549,2,0.0,1.0,12727,0
10542,Vessels,432,Germany,Male,78,2,30941,1,0.0,0.0,27264,1
10543,Lovely,614,,Female,69,7,80382,2,0.0,,138076,0
10544,Le Grand,746,,Male,91,6,152570,1,,,87186,1
10545,Waterhouse,396,Spain,Male,75,3,131131,1,,,102989,0
10546,De Garis,571,Germany,Male,72,0,152821,3,0.0,,114082,1
10547,Downer,695,France,Female,57,8,71100,1,,0.0,23602,0
10548,Gardiner,673,,Male,50,3,159210,4,1.0,,187069,0
10549,Ridley,622,,Female,22,3,182294,3,,1.0,144725,1
10550,Bovee,680,,Female,87,6,126977,4,0.0,0.0,187192,0
10551,Threatt,407,Germany,Male,18,1,173195,4,,0.0,22741,0
10552,Mbadiwe,466,Spain,Female,38,4,60585,2,0.0,,57925,0
10553,Hodgson,414,Germany,Female,85,3,118746,4,,,112430,1
10554,Waters,519,,Male,84,9,130265,4,0.0,0.0,173002,1
10555,Yoo,475,Germany,Female,77,1,180624,2,,1.0,18365,1
10556,Ubanwa,801,France,Male,83,1,191132,1,1.0,,39081,0
10557,Mackenzie,588,France,Female,89,5,12568,4,,0.0,47974,0
10558,Wilkie,546,,Male,26,8,184281,1,0.0,0.0,90293,1
10559,Nicolay,389,Germany,Male,52,7,250371,3,0.0,1.0,16587,0
10560,Laidley,536,Germany,Male,50,1,95136,1,0.0,,142945,1
10561,Dreyer,484,Spain,Female,55,5,157353,3,0.0,,125407,1
10562,Ozerova,554,Spain,Male,24,4,121219,3,1.0,,38612,1
10563,Hodge,527,Spain,Male,89,10,137570,4,,1.0,74590,0
10564,Ferreira,544,Spain,Male,58,0,38043,4,,0.0,142866,1
10565,Scott,799,Spain,Female,67,2,158950,2,,0.0,16211,1
10566,Pinto,834,Germany,Male,71,1,40980,1,,0.0,61218,1
10567,Genovese,797,,Male,54,5,217140,2,0.0,,5439,0
10568,Hartley,654,,Male,92,6,197127,1,0.0,0.0,157978,0
10569,Valentin,816,France,Male,40,10,222259,3,,,72806,0
10570,Howey,452,France,Female,38,9,122635,4,0.0,1.0,68,1
10571,Galkin,736,,Female,71,10,174067,3,0.0,0.0,24805,0
10572,Fowler,729,France,Female,69,10,118489,3,,,184398,0
10573,Edmondstone,814,Spain,Female,91,7,48050,4,1.0,1.0,159319,0
10574,Elliot,617,France,Female,82,4,33809,4,1.0,0.0,135318,1
10575,North,475,Germany,Male,53,10,79629,3,1.0,1.0,3818,1
10576,Chinedum,676,Germany,Male,82,4,179650,1,,0.0,1288,0
10577,Udokamma,710,Spain,Female,85,3,71348,3,,1.0,164857,0
10578,Kuo,549,Germany,Female,92,4,22844,1,0.0,1.0,116707,1
10579,Iheanacho,724,Spain,Female,84,6,243454,4,1.0,0.0,183207,1
10580,Burfitt,666,France,Male,53,4,112828,4,0.0,,196533,1
10581,Anderson,384,Spain,Female,60,7,198879,1,0.0,,50893,0
10582,Musgrove,555,Germany,Male,32,4,212555,4,,1.0,13829,1
10583,Yegorova,784,Spain,Male,60,7,234304,1,0.0,1.0,130405,0
10584,Kosisochukwu,471,,Female,71,8,90822,4,0.0,0.0,172810,1
10585,Jamison,617,Germany,Female,57,4,92628,1,,0.0,38037,1
10586,Sal,622,France,Female,72,1,246260,3,,1.0,124807,0
10587,Franklin,567,Germany,Female,51,8,18335,1,,,6215,0
10588,Micklem,674,Germany,Male,91,9,60494,3,1.0,,152363,0
10589,Buckland,696,,Male,50,5,109015,2,0.0,,73688,0
10590,Hopwood,405,Spain,Female,72,10,233945,4,,1.0,45584,0
10591,Yip,709,Germany,Male,77,3,157867,4,,0.0,85189,1
10592,Wearing,441,Spain,Female,43,10,246605,4,0.0,1.0,152478,1
10593,Foxall,448,Spain,Male,69,2,195885,1,0.0,1.0,117857,1
10594,Quezada,372,,Male,82,3,207623,1,1.0,,116708,1
10595,Swaim,748,Germany,Female,53,6,12937,3,1.0,,68725,1
10596,Golubov,571,Spain,Male,23,6,115332,4,0.0,0.0,165440,1
10597,Hardacre,549,Spain,Male,21,3,120868,3,1.0,1.0,126845,0
10598,Obiora,653,Germany,Female,71,3,189100,3,,,84518,0
10599,Weber,576,Germany,Male,49,8,222955,4,0.0,,115283,1
10600,Pearce,648,France,Female,33,6,222174,4,1.0,0.0,178498,1
10601,Phelps,499,Spain,Female,77,8,86669,4,0.0,,158974,0
10602,Kirby,668,Spain,Female,61,10,41936,1,0.0,0.0,62492,1
10603,Defalco,698,,Male,23,6,155123,3,,1.0,145572,0
10604,Wearing,365,Spain,Female,66,1,221679,2,1.0,1.0,88374,1
10605,Sheppard,354,,Male,51,1,193551,2,,1.0,4779,0
10606,Wyatt,410,,Male,79,4,88345,3,0.0,,102519,1
10607,Leckie,560,Germany,Female,53,5,21930,4,,,141821,1
10608,Cisneros,499,France,Female,24,10,22874,4,0.0,,111651,1
10609,Little,511,France,Female,84,4,28771,3,,,65254,1
10610,Maconochie,454,Spain,Male,88,1,221763,4,0.0,0.0,181953,0
10611,Hassall,544,,Female,79,9,70396,2,,1.0,64727,0
10612,Serrano,377,,Female,89,8,100822,3,0.0,0.0,84119,1
10613,Brient,618,Spain,Female,90,10,37016,3,0.0,0.0,144511,0
10614,Sochima,715,France,Male,41,1,7106,1,,0.0,119208,1
10615,Davy,473,Spain,Male,86,5,86439,2,0.0,,15008,0
10616,Greenhalgh,485,Spain,Male,55,7,199171,2,1.0,1.0,60025,1
10617,Chadwick,555,Germany,Male,53,6,30116,2,1.0,,56718,1
10618,Purdy,558,France,Female,89,5,189642,3,0.0,0.0,100450,1
10619,Wickham,671,Germany,Female,84,9,32546,2,0.0,1.0,21130,1
10620,Lockett,554,France,Male,45,4,4905,2,0.0,1.0,85620,1
10621,Messersmith,376,France,Male,50,6,161966,4,,0.0,47869,0
10622,Bullen,758,Spain,Male,38,8,201762,4,0.0,1.0,191393,1
10623,Utz,502,Spain,Male,61,6,136293,2,,0.0,83303,1
10624,Lucas,542,,Female,78,4,216008,2,0.0,1.0,7917,0
10625,Warren,441,France,Female,46,1,185281,3,,0.0,21298,0
10626,Weatherford,481,Spain,Male,35,4,181612,2,,0.0,112305,1
10627,Sherrod,416,France,Male,91,8,109441,4,,,73888,1
10628,Chidiebele,477,Germany,Male,34,6,58624,1,0.0,,99342,1
10629,Louis,765,Germany,Male,64,2,33093,2,1.0,1.0,156245,0
10630,Mazzanti,794,,Female,23,7,112846,4,1.0,1.0,78910,1
10631,Gunter,651,Germany,Male,86,4,19619,2,1.0,1.0,16160,0
10632,Deleon,703,France,Male,48,4,238139,4,1.0,0.0,65123,1
10633,Wunder,749,,Male,74,7,10537,1,0.0,,105188,0
10634,Udinesi,563,Spain,Female,25,3,191510,3,,1.0,7371,0
10635,Earle,460,France,Female,68,7,122171,3,1.0,1.0,57642,1
10636,Maslova,847,Germany,Female,36,9,157365,3,1.0,,9694,1
10637,Okeke,363,France,Female,71,3,79509,3,,,64425,0
10638,Reyna,354,Germany,Male,23,5,182058,4,1.0,,7026,0
10639,Loggia,480,,Female,79,6,95534,4,0.0,,61335,0
10640,Zubarev,687,France,Female,62,8,193234,1,,,130214,0
10641,Macartney,385,,Male,73,4,37884,1,,,141109,0
10642,Lajoie,609,Spain,Female,34,6,197919,1,0.0,,21148,1
10643,Tisdall,446,France,Female,67,10,42607,1,,1.0,114701,1
10644,Cummins,505,France,Male,52,2,127951,1,,1.0,80145,0
10645,Hibbins,517,,Male,58,7,79205,2,0.0,0.0,38891,0
10646,Boone,728,,Male,32,9,159577,3,0.0,1.0,37683,1
10647,Sacco,475,France,Male,83,6,248917,4,1.0,0.0,45581,0
10648,Yao,704,Germany,Female,61,7,60612,3,,1.0,38371,1
10649,Swadling,450,,Male,19,1,202292,4,0.0,1.0,53754,1
10650,Chiabuotu,820,Germany,Female,84,8,28557,4,0.0,0.0,136949,1
10651,Taylor,669,Germany,Male,85,6,115379,4,1.0,0.0,15922,0
10652,Estrada,519,Germany,Female,87,7,130032,4,1.0,,184604,1
10653,Kumm,382,Spain,Female,54,0,37429,4,0.0,0.0,104140,0
10654,Menhennitt,668,France,Male,26,6,210598,1,0.0,0.0,14735,1
10655,Otitodilichukwu,637,Spain,Male,80,9,174506,2,,0.0,52230,1
10656,Russo,408,France,Female,36,10,173144,1,0.0,0.0,16082,0
10657,Onyemauchechi,840,Spain,Female,88,8,200802,3,0.0,0.0,166372,1
10658,Henderson,453,France,Male,55,3,177663,1,,0.0,70815,1
10659,Pankhurst,572,Germany,Male,58,7,225447,2,0.0,0.0,20683,1
10660,Batt,829,Germany,Male,44,4,131578,3,,1.0,92971,0
10661,Nicholson,521,France,Female,70,3,113698,3,,0.0,86683,0
10662,Norriss,491,Germany,Female,18,2,78027,4,,1.0,136480,0
10663,Lablanc,449,Spain,Female,62,9,58273,4,1.0,,199517,1
10664,Michael,816,,Female,62,6,67893,3,1.0,,113238,1
10665,Troupe,357,France,Female,45,5,34858,2,0.0,,121773,1
10666,Lanford,621,France,Female,56,5,196536,3,0.0,,199351,0
10667,Burns,672,Germany,Female,38,1,71162,4,0.0,,63482,0
10668,Sutton,365,France,Male,80,3,45372,3,1.0,1.0,11572,0
10669,Nock,462,Germany,Female,91,1,231236,3,,0.0,16006,0
10670,Nagy,442,France,Male,39,0,116744,2,1.0,,142758,1
10671,Sherman,811,Spain,Female,71,6,227269,1,0.0,,40551,1
10672,Bevington,761,,Female,63,7,51415,2,1.0,,162810,0
10673,Souter,647,France,Male,67,0,211653,3,,0.0,130944,0
10674,Vinogradova,487,Germany,Male,21,1,237098,1,,1.0,10722,0
10675,McCaffrey,539,Germany,Male,50,8,42633,2,0.0,1.0,77244,0
10676,Udinesi,397,Germany,Female,29,4,17944,4,,,66927,0
10677,Dunn,609,Spain,Female,26,3,117822,1,0.0,1.0,27516,0
10678,Galloway,733,France,Female,34,5,119551,2,1.0,,37215,1
10679,He,380,France,Male,79,6,110363,3,0.0,0.0,153083,1
10680,Spencer,574,,Female,65,8,19312,4,0.0,,91897,1
10681,Bolton,445,France,Female,89,3,73439,1,1.0,,177025,0
10682,Garmon,512,,Male,48,0,213703,4,,0.0,42927,1
10683,Denman,706,Spain,Female,67,2,27250,4,0.0,0.0,27240,1
10684,Waring,614,Spain,Male,51,0,115437,2,1.0,0.0,108562,1
10685,Frewin,408,France,Female,63,4,124044,3,1.0,0.0,69917,1
10686,Russell,678,Spain,Female,91,9,59739,1,1.0,0.0,180122,0
10687,Salmond,521,Germany,Female,56,10,205969,3,1.0,,147995,0
10688,Sazonova,530,France,Male,78,1,193885,1,1.0,,87895,1
10689,Chang,731,Germany,Female,74,3,92080,2,,1.0,131246,1
10690,Browne,604,,Male,67,0,87140,1,,,40104,0
10691,Howell-Price,743,,Male,51,10,2921,3,,,160501,0
10692,Distefano,530,Germany,Female,80,10,86670,4,,0.0,188155,0
10693,Okwudilichukwu,594,France,Male,92,5,114588,3,1.0,1.0,122008,1
10694,Gant,368,Spain,Male,60,4,185178,2,1.0,0.0,87960,1
10695,Garner,541,Germany,Male,61,6,20461,2,0.0,,101283,0
10696,Huguley,848,France,Male,34,7,93112,4,1.0,,178001,1
10697,Kingsley,717,,Male,71,6,101295,1,1.0,1.0,183343,0
10698,Ugorji,396,,Female,57,7,215356,4,0.0,,73318,0
10699,Bazarova,830,Spain,Female,35,4,192949,4,1.0,,173863,0
10700,Converse,594,France,Female,42,7,59780,3,,1.0,149303,0
10701,Geoghegan,541,,Male,77,0,244504,4,0.0,,26430,1
10702,Yefimov,693,France,Female,76,7,207220,2,,,58945,0
10703,Hilton,545,,Female,31,6,220111,2,0.0,,166229,0
10704,Dreyer,514,Germany,Female,83,7,36079,4,1.0,0.0,63887,0
10705,Bowhay,568,,Female,41,2,201872,4,1.0,0.0,50443,0
10706,Elizabeth,490,France,Male,76,0,139750,1,,0.0,187238,1
10707,Stiger,850,Spain,Male,21,1,242154,3,0.0,,115090,0
10708,Oluchi,501,Germany,Female,74,8,164272,1,1.0,,109435,1
10709,Mitchel,778,Germany,Female,48,0,147707,4,0.0,1.0,61784,0
10710,Woods,453,,Female,66,2,117841,2,,0.0,71648,1
10711,Bancks,829,France,Female,89,4,243239,3,1.0,1.0,195814,1
10712,Pinto,822,France,Male,54,10,24520,4,0.0,0.0,169636,0
10713,Richardson,395,,Female,73,3,138671,4,,1.0,29047,0
10714,Burgin,543,Germany,Female,61,8,109486,4,,,119757,1
10715,Liang,787,,Female,80,2,221184,3,1.0,1.0,72697,0
10716,Yegorov,639,Spain,Female,63,7,160464,3,0.0,,89051,1
10717,Soubeiran,538,Germany,Female,28,0,23409,1,,,87537,0
10718,Lim,595,France,Female,49,10,8963,1,1.0,0.0,97605,0
10719,Bryan,360,Spain,Male,21,10,233803,3,0.0,,193040,1
10720,Willmore,589,France,Male,68,7,69123,3,1.0,,27122,1
10721,Ruse,370,Germany,Female,71,5,40930,1,1.0,0.0,116829,1
10722,Chandler,736,Germany,Male,89,2,133891,2,0.0,0.0,34008,1
10723,Artemiev,831,Germany,Female,31,8,51886,3,,0.0,83373,1
10724,Rios,533,,Female,39,0,114233,1,,,13015,0
10725,Morrice,842,Germany,Female,68,4,52553,4,,1.0,39191,0
10726,Royston,399,,Female,22,5,167860,4,1.0,,129916,1
10727,Zinachukwudi,658,,Female,78,3,9739,1,0.0,0.0,100569,1
10728,Howey,505,Germany,Female,91,0,17740,1,1.0,,8318,1
10729,Cook,439,,Female,62,1,17405,2,0.0,0.0,18352,0
10730,Meldrum,491,Spain,Male,51,5,92273,2,,1.0,137246,1
10731,Yudin,501,Spain,Male,35,4,55128,2,1.0,0.0,179168,0
10732,Buda,583,France,Female,90,0,157544,3,1.0,1.0,6270,1
10733,Pettit,673,Germany,Female,92,8,194338,4,0.0,0.0,38207,0
10734,Warner,528,Spain,Male,88,4,132870,2,,1.0,75480,1
10735,Taplin,638,,Female,42,4,62223,2,0.0,0.0,101287,1
10736,Abrego,650,,Male,29,1,221880,4,1.0,,8303,1
10737,Iloerika,525,Spain,Female,31,10,151306,2,,1.0,135848,1
10738,Nakayama,536,,Female,87,10,122588,3,1.0,1.0,3129,0
10739,Ugonnatubelum,771,France,Male,68,3,125958,2,0.0,1.0,90686,1
10740,Jude,712,France,Female,35,0,150075,4,0.0,1.0,162623,1
10741,Holder,778,,Female,83,10,55824,4,0.0,1.0,127295,1
10742,Traeger,629,Spain,Female,85,4,46163,2,,1.0,186507,1
10743,Henning,386,,Male,77,0,3733,1,0.0,,186365,1
10744,Ponce,611,Germany,Male,20,5,79275,4,0.0,1.0,110184,0
10745,Kirby,401,France,Female,60,0,87451,2,0.0,,69057,0
10746,Stephenson,574,,Male,34,0,39796,4,0.0,,35258,0
10747,Hagins,559,,Male,68,5,155660,2,,1.0,96511,1
10748,T'ang,647,Spain,Female,53,0,202477,2,0.0,1.0,77408,1
10749,Hirst,756,,Female,64,3,241440,3,,0.0,103937,0
10750,Hughes,815,Germany,Male,61,3,67217,4,1.0,1.0,56439,1
10751,Ewers,811,Spain,Female,64,4,144748,4,1.0,,17882,1
10752,Hutchinson,552,,Male,79,7,108203,4,0.0,,4264,1
10753,Richards,683,Spain,Male,25,9,54023,1,,0.0,139073,0
10754,Chiekwugo,492,France,Female,28,0,106634,4,1.0,1.0,115821,1
10755,Shao,495,France,Male,70,2,96583,4,1.0,1.0,40465,1
10756,Mackey,490,Spain,Male,45,10,91688,1,,,174320,0
10757,Catchpole,685,Germany,Male,60,6,66334,1,1.0,0.0,197167,1
10758,Molineux,523,Spain,Female,38,9,97971,4,0.0,0.0,160975,0
10759,Arrington,402,Spain,Male,55,8,38312,4,0.0,,186399,0
10760,Krawczyk,434,,Female,27,5,14568,3,0.0,0.0,105851,1
10761,Panina,530,Spain,Male,39,7,66609,3,1.0,,107382,1
10762,Chukwunonso,445,Germany,Male,59,0,68468,4,0.0,1.0,87097,1
10763,Shcherbakov,354,,Male,30,8,236030,2,1.0,1.0,5994,0
10764,Chukwubuikem,698,Spain,Female,51,5,25352,4,1.0,1.0,161982,0
10765,Cousens,614,,Female,29,6,81148,1,,0.0,174416,1
10766,Yegorov,674,Germany,Female,69,4,200843,2,0.0,,127367,1
10767,Torode,813,France,Male,23,3,56782,2,0.0,,99221,1
10768,Carter,708,France,Male,80,9,76592,2,1.0,1.0,26327,0
10769,Harrison,651,Spain,Male,86,8,60049,2,1.0,,101216,1
10770,Cooper,794,France,Female,28,8,243086,4,1.0,1.0,99088,0
10771,Badgery,794,Germany,Female,90,2,81886,4,0.0,1.0,148937,1
10772,Buley,624,Germany,Male,20,0,216906,1,0.0,1.0,190338,1
10773,Poole,523,,Male,29,6,174359,2,0.0,1.0,47370,1
10774,Nolan,372,Spain,Male,25,8,124013,4,0.0,,178427,1
10775,Randolph,598,Germany,Female,90,2,146684,4,1.0,,98917,1
10776,Mancini,779,France,Female,83,1,218959,1,0.0,1.0,63883,1
10777,Samsonova,475,Spain,Female,63,3,126546,4,,1.0,171512,0
10778,Wallis,643,France,Female,43,2,174425,1,1.0,0.0,28753,1
10779,Coupp,739,Spain,Female,18,2,212908,2,0.0,,10190,0
10780,Samuel,403,,Female,59,10,73754,3,1.0,,163644,0
10781,Dumolo,501,France,Female,30,1,50528,4,0.0,0.0,113338,0
10782,Peavy,733,,Female,23,9,14022,2,1.0,,24879,0
10783,Hixson,381,Germany,Female,28,7,173977,4,0.0,0.0,1481,0
10784,Andrejew,519,,Female,90,5,109105,4,,,162156,0
10785,Trevascus,707,Spain,Female,75,0,13816,1,0.0,0.0,148388,0
10786,Chukwumaobim,464,France,Male,40,4,40040,4,1.0,,196783,1
10787,Pokrovsky,803,Spain,Male,91,0,164202,4,1.0,1.0,20397,0
10788,Mack,491,Germany,Male,27,4,78679,4,0.0,1.0,140886,1
10789,Chifley,849,,Male,65,4,8067,4,,,174153,1
10790,Moroney,776,Germany,Female,81,9,111139,1,0.0,,173780,0
10791,Aitken,679,Spain,Male,44,6,202124,4,,1.0,187454,0
10792,Hagins,388,,Female,79,1,205118,1,,,111057,1
10793,Crotty,813,France,Male,40,8,63792,3,0.0,,125592,1
10794,Ibeamaka,564,Spain,Female,55,5,25607,3,0.0,0.0,67054,0
10795,Chuter,718,France,Male,58,8,111733,2,0.0,,141547,1
10796,Steere,559,France,Female,76,8,183623,4,0.0,,123738,0
10797,Pugliesi,620,Spain,Male,50,10,166893,4,,0.0,173457,1
10798,Bazhenov,687,France,Female,34,4,1264,4,,0.0,75133,1
10799,Mackinlay,461,,Female,39,8,219453,2,0.0,0.0,1600,1
10800,Brazenor,412,,Female,77,3,106963,2,0.0,0.0,58742,1
10801,Bock,548,Germany,Female,84,1,99980,2,1.0,1.0,12659,0
10802,Longo,463,France,Male,75,10,35386,3,0.0,,179369,1
10803,Raff,618,Germany,Female,79,7,178303,3,,0.0,168462,1
10804,Gould,826,,Male,32,4,92000,4,1.0,0.0,141356,0
10805,Reppert,847,,Male,71,1,187578,1,,1.0,123414,1
10806,Cherkasova,699,Germany,Female,47,6,36120,1,0.0,1.0,115945,0
10807,Ford,689,Spain,Male,74,1,116679,4,,1.0,171788,1
10808,Claypool,463,,Male,50,1,100607,4,1.0,1.0,24884,0
10809,Salter,446,France,Male,85,7,152958,1,0.0,,38500,1
10810,Nicholas,502,Germany,Female,74,7,159935,1,1.0,,28513,1
10811,Yermolayev,516,Germany,Male,52,2,48507,3,,0.0,15950,0
10812,Garcia,361,,Male,29,6,227504,3,0.0,0.0,87144,0
10813,Lorenzen,819,France,Male,19,10,142544,2,1.0,0.0,79398,1
10814,Marshall-Hall,417,France,Female,61,6,210839,2,,1.0,127270,0
10815,Vanzetti,782,Spain,Female,27,2,27795,4,0.0,1.0,174762,1
10816,Milani,798,,Female,92,10,84800,2,,1.0,53282,0
10817,Eidson,567,Germany,Male,72,7,141324,1,0.0,0.0,67903,0
10818,Neumann,623,Spain,Female,64,9,103311,1,0.0,,143483,1
10819,Winters,461,France,Male,65,8,119829,2,1.0,1.0,149228,0
10820,Beyer,457,Spain,Female,85,8,220462,3,1.0,,92767,0
10821,Gebhart,804,Germany,Female,25,0,228649,4,,0.0,92064,0
10822,Cheng,512,,Male,65,4,7891,4,0.0,0.0,161933,1
10823,Efimov,754,France,Female,33,8,63674,2,1.0,1.0,103115,1
10824,Worsnop,426,France,Male,38,0,131498,3,1.0,0.0,174447,0
10825,Chukwukadibia,477,France,Male,50,4,215209,4,1.0,1.0,13449,0
10826,Sazonova,740,Spain,Female,61,4,47088,1,1.0,,143062,1
10827,Chizoba,749,Spain,Female,37,9,122606,1,1.0,0.0,112930,1
10828,Treacy,529,France,Male,76,3,181502,2,,0.0,93661,0
10829,Heydon,648,,Female,30,2,21222,3,1.0,,156331,1
10830,Onyemauchechukwu,647,Spain,Female,76,3,134847,4,0.0,,151808,0
10831,Abron,663,,Female,61,8,125089,2,0.0,1.0,185138,0
10832,Hort,385,France,Male,72,0,113035,1,0.0,,68801,1
10833,Wall,387,,Female,18,10,60889,2,0.0,,32144,0
10834,Threatt,694,,Male,90,0,209402,4,0.0,1.0,95767,0
10835,Naylor,515,Germany,Female,49,10,185011,3,,,189836,1
10836,Joseph,674,Germany,Female,43,0,40007,3,0.0,1.0,67947,1
10837,Manners,647,,Female,78,9,192212,1,0.0,,45850,0
10838,Newman,507,Germany,Male,29,6,102514,1,1.0,,171962,1
10839,Mishin,480,Spain,Female,72,1,209428,1,1.0,,172914,1
10840,Fedorov,769,France,Male,47,2,90058,1,0.0,,196175,1
10841,Sneddon,612,Germany,Female,22,9,161480,3,,0.0,113748,0
10842,Band,530,Germany,Male,66,8,97303,4,,,114889,0
10843,Lazar,848,,Male,22,9,169752,1,1.0,0.0,178519,1
10844,Whitelegge,653,France,Female,79,3,79443,3,1.0,,55608,0
10845,Ibrahimova,672,,Male,20,5,178879,3,,1.0,92347,1
10846,Storey,629,,Female,30,9,164077,2,,0.0,68520,0
10847,Ruiz,549,Spain,Male,92,1,176350,4,0.0,1.0,9594,1
10848,Davila,789,France,Male,61,9,3505,4,1.0,,146077,1
10849,Brenan,461,Germany,Male,55,4,21363,1,,0.0,53475,0
10850,Nnonso,810,France,Female,74,2,241845,1,,,41602,1
10851,Caldwell,608,France,Female,81,8,189103,1,0.0,0.0,25921,1
10852,Darling,410,Spain,Female,88,6,50378,4,,0.0,75211,1
10853,Gilchrist,361,Spain,Male,79,5,176620,4,0.0,,189129,1
10854,Rubeo,430,,Female,55,2,123195,1,,1.0,194596,0
10855,Benford,763,Spain,Female,73,4,8994,1,0.0,1.0,90038,1
10856,Esomchi,410,Germany,Male,23,0,79035,1,,1.0,198700,1
10857,MacDonnell,553,France,Female,18,8,217556,4,1.0,,184113,1
10858,Yashina,576,Spain,Female,75,10,163102,3,,0.0,182203,0
10859,Burgmann,791,,Male,31,7,55013,3,0.0,1.0,68320,0
10860,Cone,532,Spain,Male,71,6,35332,3,0.0,,92810,0
10861,Cribb,607,France,Female,33,5,115290,4,1.0,1.0,86325,0
10862,Kinlaw,371,,Male,74,2,115857,4,,1.0,2533,1
10863,Gell,720,France,Male,82,0,158995,1,,,103070,1
10864,Ansell,464,France,Female,18,1,134337,3,1.0,,130875,0
10865,Holder,815,,Female,42,6,4314,3,1.0,1.0,77180,0
10866,Lo Duca,356,Germany,Male,91,7,14732,4,1.0,0.0,139568,1
10867,Nwokeocha,531,France,Male,22,6,128260,4,0.0,1.0,136502,0
10868,Cook,567,,Male,38,3,2833,1,1.0,1.0,123830,1
10869,Vinogradova,681,France,Female,36,4,83568,4,1.0,0.0,56577,1
10870,Egobudike,760,Germany,Female,63,7,189247,2,1.0,,98380,1
10871,Leworthy,404,Germany,Male,26,3,154647,3,0.0,,51232,1
10872,Kapustina,773,Spain,Male,27,7,102341,2,,1.0,151342,1
10873,Lipton,582,France,Male,58,6,188667,2,0.0,,124664,1
10874,Sargood,495,Spain,Female,47,10,169939,1,1.0,0.0,118242,0
10875,Lowrie,728,,Female,55,4,128919,2,0.0,0.0,171139,1
10876,Jose,468,Spain,Male,29,10,126169,2,0.0,1.0,116262,0
10877,De Salis,391,Spain,Male,49,3,118738,1,,,51507,1
10878,Kepley,669,Germany,Male,60,10,97154,1,,0.0,113036,1
10879,Ryan,501,Germany,Male,87,6,102819,2,0.0,1.0,159905,1
10880,Randolph,639,France,Female,56,3,139814,2,0.0,0.0,196026,1
10881,Bolton,650,,Male,86,7,13742,3,1.0,,184788,1
10882,Reyna,508,,Male,62,6,114009,1,,,96801,0
10883,Gorbunova,381,Germany,Female,53,10,77455,2,0.0,1.0,23748,0
10884,Molle,750,Spain,Female,27,8,242368,2,0.0,0.0,75674,1
10885,Georg,571,France,Female,42,5,113094,3,1.0,,60165,1
10886,Chukwuma,547,Germany,Female,32,1,186779,2,,,171303,1
10887,Chifo,846,Spain,Female,80,4,210138,4,0.0,1.0,154999,1
10888,Takasuka,706,Spain,Male,63,4,188273,1,0.0,0.0,144174,0
10889,Seleznyov,356,Spain,Female,57,10,71345,3,0.0,1.0,182002,0
10890,Benjamin,363,Spain,Male,76,9,103937,1,0.0,0.0,99686,1
10891,Sumrall,828,France,Female,37,3,24108,4,0.0,1.0,179656,0
10892,Yermakov,694,Spain,Female,69,10,49233,2,1.0,,131911,0
10893,Parry,747,Germany,Male,80,5,56926,2,,1.0,13631,1
10894,Angel,464,Spain,Female,49,8,124489,2,1.0,1.0,83360,0
10895,Lowell,829,Germany,Male,79,2,9775,3,1.0,1.0,154487,1
10896,Streeten,563,,Male,19,10,115408,1,,0.0,32276,1
10897,Peng,352,Germany,Male,48,8,16465,3,,1.0,24258,0
10898,Glauert,654,France,Female,73,9,43951,4,1.0,,172530,1
10899,Topp,701,Germany,Male,59,3,232947,2,,0.0,123208,1
10900,Ann,616,,Female,73,5,163088,3,1.0,0.0,154905,0
10901,Voronoff,721,Germany,Female,35,1,27941,4,1.0,,76660,0
10902,Ulyanova,410,Germany,Male,81,9,1154,3,,1.0,18589,1
10903,McKee,495,Spain,Female,22,10,155424,4,0.0,,143610,0
10904,Andersen,722,France,Male,35,1,140770,1,0.0,1.0,184836,0
10905,Birdseye,761,France,Female,48,3,103026,3,0.0,0.0,170283,1
10906,Evans,366,France,Male,65,8,203492,1,,,11627,0
10907,Forwood,664,,Male,69,6,186918,3,1.0,1.0,166000,0
10908,Alvares,750,Germany,Male,83,0,181975,4,0.0,0.0,167380,0
10909,Ansell,404,France,Female,57,0,46656,2,1.0,1.0,12046,0
10910,Lynch,374,Germany,Female,26,8,32334,3,0.0,,58944,0
10911,Denisova,587,Spain,Male,61,8,203312,4,,,89193,0
10912,Morphett,840,France,Male,78,7,30350,3,,1.0,113509,0
10913,Gregson,592,Spain,Male,86,6,193847,1,0.0,0.0,182486,0
10914,Knepper,849,France,Female,69,2,72833,4,1.0,0.0,14888,0
10915,Collins,505,France,Female,48,4,6725,1,0.0,,190494,0
10916,Bibb,805,Germany,Male,85,2,73855,2,1.0,0.0,97876,1
10917,Poole,768,Spain,Male,81,8,166426,4,,1.0,30299,0
10918,Radcliffe-Brown,795,Spain,Male,65,0,246289,2,1.0,,17340,0
10919,Chu,452,France,Female,85,3,116969,4,0.0,1.0,187112,0
10920,Doyle,373,,Male,20,1,69861,4,1.0,,136551,0
10921,Yuriev,555,Spain,Female,29,8,180638,3,0.0,,93211,0
10922,Ahmed,389,,Male,70,1,31750,1,0.0,1.0,144799,0
10923,Chieloka,793,Spain,Male,54,10,131255,2,,,170912,0
10924,Onuora,482,France,Male,83,2,60492,2,,1.0,41632,0
10925,Panicucci,737,France,Male,87,10,166440,3,0.0,0.0,57310,0
10926,Romano,747,,Male,45,5,183162,4,,,72001,1
10927,Pearson,689,,Female,32,5,97150,4,0.0,0.0,102571,0
10928,Holden,413,,Female,46,10,55384,2,1.0,,94609,1
10929,Rioux,352,France,Female,81,9,3929,1,1.0,0.0,65295,1
10930,Ugochukwu,636,France,Male,25,0,247534,2,1.0,,162486,1
10931,Hughes,683,Germany,Male,24,10,229285,3,0.0,1.0,148809,0
10932,Menkens,764,Spain,Female,21,10,24672,1,0.0,1.0,117198,1
10933,Rutherford,485,France,Male,43,10,205075,4,,1.0,20181,1
10934,Nwokike,564,Germany,Male,31,8,22924,4,0.0,1.0,197484,1
10935,Munro,391,Germany,Male,92,9,89085,4,0.0,0.0,34786,0
10936,Skelton,469,France,Male,36,5,232442,1,1.0,1.0,143023,0
10937,Ridley,504,,Male,75,9,114131,3,,0.0,123338,0
10938,Okwukwe,352,France,Female,87,3,182973,1,,1.0,149224,0
10939,Lei,846,France,Male,33,3,182461,2,1.0,,45479,0
10940,Mashman,590,,Male,78,9,34783,1,0.0,0.0,146207,0
10941,Chukwuemeka,509,,Male,27,6,194639,4,1.0,1.0,8831,1
10942,Gibbs,598,France,Female,61,4,129346,1,,1.0,64644,0
10943,Odili,494,France,Male,85,0,222146,1,,0.0,33456,0
10944,Mackinlay,514,,Male,88,5,160178,4,,0.0,162172,1
10945,Yu,482,France,Male,71,9,206996,2,1.0,0.0,96925,1
10946,Nwachinemelu,414,,Female,32,2,166430,2,1.0,,148983,0
10947,Kesteven,584,France,Female,72,3,131729,3,0.0,,8874,0
10948,Kingsley,556,Germany,Male,76,5,88339,4,0.0,0.0,15189,0
10949,Akudinobi,398,Germany,Female,84,5,87299,4,,,53213,1
10950,Bryan,814,Germany,Male,76,8,198434,4,1.0,0.0,132091,0
10951,Ngozichukwuka,522,Spain,Female,69,7,34679,3,1.0,,15916,1
10952,Allingham,813,Spain,Female,87,8,187344,4,0.0,1.0,171201,1
10953,Flynn,457,Spain,Female,54,9,5858,4,1.0,1.0,78647,0
10954,Polyakova,671,Spain,Female,50,5,40742,3,,,129425,1
10955,Alekseeva,570,France,Female,92,1,168302,2,0.0,,153370,0
10956,Loyau,584,Germany,Male,78,8,215304,1,1.0,,41724,0
10957,Bezrukov,615,Spain,Female,33,4,100265,1,0.0,1.0,153784,1
10958,Wall,513,Spain,Female,18,9,26767,1,1.0,0.0,71995,0
10959,Nevzorova,477,Spain,Male,53,4,127544,4,,0.0,300,1
10960,Pearson,811,France,Female,57,6,95222,2,1.0,,194583,0
10961,Fomina,522,France,Male,57,0,3505,1,1.0,0.0,8808,0
10962,Adams,479,,Female,42,3,40119,4,1.0,,19230,1
10963,Neumann,488,Germany,Female,73,10,135458,2,,,82019,0
10964,Jensen,485,Spain,Male,79,1,7609,2,1.0,,9833,0
10965,Garnsey,671,Germany,Male,89,10,237622,3,0.0,0.0,198587,1
10966,Gibbons,591,Spain,Female,60,5,231359,1,,0.0,79559,0
10967,Clayton,476,France,Male,64,0,146253,2,0.0,,14393,0
10968,Zhdanova,502,France,Female,68,3,165723,3,0.0,0.0,91196,1
10969,Okwudiliolisa,403,,Male,64,3,87506,4,,,122901,0
10970,Bevington,849,France,Female,37,3,123427,3,1.0,0.0,165215,0
10971,Nikitina,560,Spain,Female,47,2,65551,3,1.0,0.0,78453,0
10972,Ellis,832,,Male,75,2,177466,3,0.0,,89048,0
10973,Ofodile,823,Spain,Female,32,10,72977,2,1.0,1.0,145324,1
10974,Trejo,471,Spain,Male,88,8,245306,1,1.0,1.0,55539,1
10975,Gaffney,380,France,Female,21,7,211716,4,0.0,1.0,70682,1
10976,Frolov,693,,Male,43,4,88693,1,0.0,,168408,0
10977,Zhdanov,801,France,Female,33,2,11027,4,0.0,0.0,14198,0
10978,Daly,769,Germany,Male,66,2,130626,3,0.0,,126326,0
10979,Treacy,645,France,Male,89,8,27962,4,,,100341,1
10980,Artemyeva,779,Germany,Female,21,0,61022,4,,0.0,113248,1
10981,Ermakov,629,France,Female,31,9,110594,4,1.0,1.0,188283,1
10982,Wardle,829,,Female,80,10,240673,4,,1.0,120157,1
10983,Lockington,677,Germany,Male,51,8,180103,4,,0.0,120140,0
10984,Tang,701,,Female,89,5,227693,4,,0.0,48738,0
10985,Wynn,510,Spain,Male,78,8,46168,1,,0.0,93119,1
10986,Anenechukwu,611,France,Male,88,8,122408,4,,,110941,1
10987,McCawley,366,Spain,Male,36,4,180216,1,1.0,,22544,1
10988,Baryshnikov,589,France,Male,73,5,141302,1,1.0,1.0,47582,1
10989,Cole,525,Spain,Male,29,7,95517,2,,0.0,188891,1
10990,Chikelu,657,France,Male,73,10,2187,3,0.0,1.0,163710,1
10991,Yevdokimova,421,Spain,Male,74,9,2166,2,0.0,1.0,74191,0
10992,Olsen,681,Germany,Male,62,4,94771,4,1.0,,169718,1
10993,Pacheco,623,France,Male,48,2,222689,4,0.0,1.0,40850,0
10994,Denisova,833,,Female,24,6,20217,2,0.0,,182975,1
10995,Narelle,663,Germany,Male,55,3,201598,2,0.0,,10630,1
10996,Moreno,825,Germany,Female,77,0,241740,1,1.0,0.0,139704,0
10997,Aksakova,713,Spain,Male,43,9,85361,2,1.0,1.0,82479,1
10998,Chikwendu,580,France,Male,38,3,71645,2,,1.0,197353,1
10999,Babbage,762,France,Female,72,5,6292,2,,1.0,62311,0
11000,More,454,Spain,Male,92,9,200212,1,1.0,1.0,173606,1
